rzo,départ (pseudo),arrivée (pseudo),type
linkedin,roger,sylvie,en relation
linkedin,roger,jean-philippe,en relation
linkedin,roger,denis,en relation
linkedin,roger,stephane,en relation
linkedin,roger,patrick,en relation
linkedin,roger,pierre-alexandre,en relation
linkedin,roger,florent,en relation
linkedin,roger,nicolas,en relation
linkedin,roger,eric,en relation
linkedin,roger,pascal,en relation
linkedin,roger,kamal,en relation
linkedin,roger,alexandre,en relation
linkedin,roger,emmanuel,en relation
linkedin,roger,emmanuelle,en relation
linkedin,roger,laetitia,en relation
linkedin,roger,marion,en relation
linkedin,roger,audray,en relation
linkedin,roger,sylvain,en relation
linkedin,roger,julien,en relation
linkedin,roger,christian,en relation
linkedin,roger,peggy,en relation
linkedin,roger,julien,en relation
linkedin,roger,laurent,en relation
linkedin,roger,philippe,en relation
linkedin,roger,mickael,en relation
linkedin,roger,jerome,en relation
linkedin,roger,dany,en relation
linkedin,roger,dalida,en relation
linkedin,roger,jean,en relation
linkedin,roger,veronique,en relation
linkedin,roger,marcel,en relation
linkedin,roger,roger,en relation
linkedin,roger,robert1,en relation
linkedin,roger,robert2,en relation
linkedin,roger,soeur2,en relation
linkedin,roger,soeur3,en relation
linkedin,roger,soeur4,en relation
linkedin,roger,soeur5,en relation
linkedin,roger,soeur6,en relation
linkedin,roger,soeur7,en relation
linkedin,roger,serge20,en relation
linkedin,roger,serge21,en relation
linkedin,roger,ramon86,en relation
linkedin,roger,ramon87,en relation
linkedin,roger,ramon88,en relation
linkedin,roger,ramon89,en relation
linkedin,roger,ramon90,en relation
linkedin,roger,dalida,en relation
linkedin,roger,camille,en relation
linkedin,roger,jerome,en relation
linkedin,roger,dany,en relation
linkedin,roger,jerome,en relation
linkedin,roger,dany,en relation
linkedin,roger,dalida,en relation
linkedin,roger,eglantine,en relation
linkedin,roger,gastounette,en relation
linkedin,roger,io,en relation
linkedin,roger,io1,en relation
linkedin,roger,io2,en relation
linkedin,roger,io3,en relation
linkedin,roger,io4,en relation
linkedin,roger,io5,en relation
linkedin,roger,io6,en relation
linkedin,roger,io7,en relation
linkedin,roger,io8,en relation
linkedin,roger,io9,en relation
linkedin,roger,io10,en relation
linkedin,roger,io11,en relation
linkedin,roger,io12,en relation
linkedin,roger,io13,en relation
linkedin,roger,io14,en relation
linkedin,roger,io15,en relation
linkedin,roger,io16,en relation
linkedin,roger,io17,en relation
linkedin,roger,io18,en relation
linkedin,io,agence1,en relation
linkedin,io,agence2,en relation
linkedin,io,agence3,en relation
linkedin,io,agence4,en relation
linkedin,io,agence5,en relation
linkedin,io,agence6,en relation
linkedin,io,agence7,en relation
linkedin,io,agence8,en relation
linkedin,io,agence9,en relation
linkedin,io,agence10,en relation
linkedin,io,agence11,en relation
linkedin,io,agence12,en relation
linkedin,io,agence13,en relation
linkedin,io,agence14,en relation
linkedin,io,agence15,en relation
linkedin,io,agence16,en relation
linkedin,io,agence17,en relation
linkedin,io,agence18,en relation
linkedin,io,agence19,en relation
linkedin,io,agence20,en relation
linkedin,agence1,remy,en relation
linkedin,agence1,anastasia,en relation
linkedin,agence1,gaston14,en relation
linkedin,agence1,ramon186,en relation
linkedin,agence1,ramon220,en relation
linkedin,agence1,ramon221,en relation
linkedin,agence1,ramon222,en relation
linkedin,agence1,io,en relation
linkedin,agence2,io,en relation
linkedin,agence3,io,en relation
linkedin,agence4,io,en relation
linkedin,agence5,io,en relation
linkedin,agence6,io,en relation
linkedin,agence7,io,en relation
linkedin,agence8,io,en relation
linkedin,agence9,io,en relation
linkedin,agence10,io,en relation
linkedin,agence11,io,en relation
linkedin,agence12,io,en relation
linkedin,agence13,io,en relation
linkedin,agence14,io,en relation
linkedin,agence15,io,en relation
linkedin,agence16,io,en relation
linkedin,agence17,io,en relation
linkedin,agence18,io,en relation
linkedin,agence19,io,en relation
linkedin,agence20,io,en relation
linkedin,sylvie,roger,en relation
linkedin,jean-philippe,roger,en relation
linkedin,denis,roger,en relation
linkedin,stephane,roger,en relation
linkedin,patrick,roger,en relation
linkedin,pierre-alexandre,roger,en relation
linkedin,florent,roger,en relation
linkedin,nicolas,roger,en relation
linkedin,eric,roger,en relation
linkedin,pascal,roger,en relation
linkedin,kamal,roger,en relation
linkedin,alexandre,roger,en relation
linkedin,emmanuel,roger,en relation
linkedin,emmanuelle,roger,en relation
linkedin,laetitia,roger,en relation
linkedin,marion,roger,en relation
linkedin,audray,roger,en relation
linkedin,sylvain,roger,en relation
linkedin,julien,roger,en relation
linkedin,christian,roger,en relation
linkedin,peggy,roger,en relation
linkedin,julien,roger,en relation
linkedin,laurent,roger,en relation
linkedin,philippe,roger,en relation
linkedin,mickael,roger,en relation
linkedin,jerome,roger,en relation
linkedin,dany,roger,en relation
linkedin,dalida,roger,en relation
linkedin,jean,roger,en relation
linkedin,veronique,roger,en relation
linkedin,marcel,roger,en relation
linkedin,roger,roger,en relation
linkedin,robert1,roger,en relation
linkedin,robert2,roger,en relation
linkedin,soeur2,roger,en relation
linkedin,soeur3,roger,en relation
linkedin,soeur4,roger,en relation
linkedin,soeur5,roger,en relation
linkedin,soeur6,roger,en relation
linkedin,soeur7,roger,en relation
linkedin,serge20,roger,en relation
linkedin,serge21,roger,en relation
linkedin,ramon86,roger,en relation
linkedin,ramon87,roger,en relation
linkedin,ramon88,roger,en relation
linkedin,ramon89,roger,en relation
linkedin,ramon90,roger,en relation
linkedin,dalida,roger,en relation
linkedin,camille,roger,en relation
linkedin,jerome,roger,en relation
linkedin,dany,roger,en relation
linkedin,jerome,roger,en relation
linkedin,dany,roger,en relation
linkedin,dalida,roger,en relation
linkedin,eglantine,roger,en relation
linkedin,gastounette,roger,en relation
linkedin,io,roger,en relation
linkedin,io1,roger,en relation
linkedin,io2,roger,en relation
linkedin,io3,roger,en relation
linkedin,io4,roger,en relation
linkedin,io5,roger,en relation
linkedin,io6,roger,en relation
linkedin,io7,roger,en relation
linkedin,io8,roger,en relation
linkedin,io9,roger,en relation
linkedin,io10,roger,en relation
linkedin,io11,roger,en relation
linkedin,io12,roger,en relation
linkedin,io13,roger,en relation
linkedin,io14,roger,en relation
linkedin,io15,roger,en relation
linkedin,io16,roger,en relation
linkedin,io17,roger,en relation
linkedin,io18,roger,en relation
linkedin,remy,agence1,en relation
linkedin,anastasia,agence1,en relation
linkedin,gaston14,agence1,en relation
linkedin,ramon186,agence1,en relation
linkedin,ramon220,agence1,en relation
linkedin,ramon221,agence1,en relation
linkedin,ramon222,agence1,en relation